"stand_id","slope","elevation","aspect","X","Y"
"lmt1",6.26408040342172,515.596414755382,165.992951420593,-123.605201365243,47.9896193005545
"lmt2",4.40902673414709,472.776089465463,194.985024594062,-123.600908925432,47.9978767752881
"lmt3",7.1681367955808,489.34953209519,207.975515322332,-123.601890586294,47.9929721659429
"lmt4",7.63520970714274,519.033968166423,197.553317999776,-123.59730488345,47.9835543940332
"lmt5",9.63509630850496,557.143607111436,149.833776350467,-123.600239581896,47.9811896648416
"lmt6",5.46993497772605,548.823710387,151.83164340034,-123.594057373459,47.9739117038315
"lmt7",8.77757655823896,554.438120727577,196.124166173494,-123.593777551064,47.9762059513214
