"","stand_id","slope","elevation","aspect","X","Y"
"1","lmvw1",19.1252571041872,543.286352878014,116.874470652419,-123.605578516148,47.9954518587874
"2","lmvw2",23.144395462751,546.890908670015,256.411602394634,-123.599199306065,47.9922740567309
"3","lmvw3",22.8807669949269,566.943976623632,108.931369485979,-123.59610812034,47.9751074830754
