"Forest_Perc","Crop_Perc","Wetl_Perc","TN_Dep","slope","dam"
44.321146715816,10.8028591725978,0.682097805749936,8.72605285270431,5.194069975,"Simkins"
