"soc","kw","kf"
1772.55566496448,0.272776267919501,0.311085662083464
