"Forest_Perc","Crop_Perc","slope","dam"
68.195696060821,0.0221918239899822,2.64669031731371,"Veazie"
