"soc","kw","kf"
6657.19150350773,0.277812561031626,0.328839997975462
