"y","count","mean_co2","lwr_co2","upr_co2","mean_c","lwr_c","upr_c","sed_ch4_co2_eq","sed_ch4_gC","sed_ch4_co2_eq_pore","sed_ch4_gC_pore"
0.0833333333333333,9999,5.01437695808188,-14.5330135042882,21.8299830953847,0.110427364065138,-0.32004821069844,0.480743173271912,"5 (-15 - 22)","0.1 (-0.3 - 0.5)","373 (353 - 390)","8.2 (7.8 - 8.6)"
1,9999,60.1725234969826,-174.396162051459,261.959797144617,1.32512836878165,-3.84057852838129,5.76891807926296,"60 (-174 - 262)","1.3 (-3.8 - 5.8)","428 (194 - 630)","9.4 (4.3 - 13.9)"
5,9999,300.862617484913,-871.980810257292,1309.79898572308,6.62564184390826,-19.2028926419064,28.8445903963147,"301 (-872 - 1310)","6.6 (-19.2 - 28.8)","669 (-504 - 1678)","14.7 (-11.1 - 36.9)"
10,9999,601.725234969826,-1743.96162051458,2619.59797144616,13.2512836878165,-38.4057852838128,57.6891807926295,"602 (-1744 - 2620)","13.3 (-38.4 - 57.7)","970 (-1376 - 2988)","21.4 (-30.3 - 65.8)"
30,9999,1805.1757048268,-5231.88486153969,7858.79391433716,39.7538510616288,-115.217355851349,173.067542377859,"1805 (-5232 - 7859)","39.8 (-115.2 - 173.1)","2173 (-4864 - 8227)","47.9 (-107.1 - 181.2)"
100,9999,6012.49179264344,-17435.5512064192,26192.1268210263,132.407999174211,-383.968332824363,576.806958927178,"6012 (-17436 - 26192)","132.4 (-384 - 576.8)","6380 (-17068 - 26560)","140.5 (-375.9 - 584.9)"
