"oc","dbd","area"
0.0408335465379738,1430000,36340.0762632114
