"oc","dbd","area"
0.109493650266748,204768.71838895,1648901.87482021
